type_a,type_b,mean_z,sem_z
L4 IT,L5 IT,31.2002,1.7355
L2/3 IT,Vip,30.2302,1.35016
Endothelial,VLMC,23.071,1.52852
L5 IT,L5/6 NP,18.3821,0.888285
L6 CT,L6 IT,16.8871,0.768266
L6 IT,L6 IT Car3,16.1415,1.01383
L6 IT,L6b,15.7686,0.635512
L6 CT,L6b,13.6376,0.857305
L5 ET,L5 IT,12.2527,0.739502
L2/3 IT,Sncg,10.8947,0.53924
L4 IT,Pvalb,9.96814,0.815401
L2/3 IT,Pvalb,9.93327,0.868947
L4 IT,Sst,8.00716,0.657541
L5 IT,L6 IT Car3,7.86527,0.658105
L5 ET,L5/6 NP,7.83375,0.78827
Chandelier,L4 IT,7.09701,0.53786
Endothelial,L2/3 IT,7.01319,0.759109
L6 IT Car3,L6b,7.00946,0.589102
Pax6,Sncg,6.86717,0.687041
L6 CT,L6 IT Car3,6.60124,0.720578
L2/3 IT,Lamp5,6.42576,0.579228
L5 IT,Sst,6.07543,0.527654
Lamp5,Sncg,5.66201,0.522402
Astrocyte,L2/3 IT,5.65557,1.08471
Microglia-PVM,VLMC,5.49567,0.34993
L6 CT,Oligodendrocyte,5.35562,1.03165
L2/3 IT,Lamp5 Lhx6,4.96226,0.593853
L5/6 NP,L6 IT Car3,4.95159,0.327572
L5 IT,Pvalb,4.81654,0.561566
L2/3 IT,Pax6,4.79671,0.37291
Endothelial,Microglia-PVM,4.71776,0.430225
L2/3 IT,VLMC,4.39849,0.75098
Sncg,Vip,4.26757,0.424663
Pvalb,Vip,4.25172,0.340437
Pvalb,Sst,3.88845,0.3438
Chandelier,L2/3 IT,3.83345,0.359924
Microglia-PVM,Sncg,3.77477,0.399485
Astrocyte,Lamp5,3.64819,0.356486
Astrocyte,Sncg,3.54741,0.34504
L4 IT,L5 ET,3.33789,0.643869
L4 IT,Lamp5,3.26894,0.470346
L6b,Oligodendrocyte,3.24354,1.04348
Lamp5,Vip,2.9788,0.258404
L2/3 IT,Sst,2.93966,0.488654
L5/6 NP,Sst,2.92142,0.33382
Astrocyte,Microglia-PVM,2.89102,0.353221
Endothelial,Vip,2.87404,0.31922
Lamp5,Pax6,2.81129,0.340607
Astrocyte,Vip,2.54244,0.397123
L2/3 IT,Microglia-PVM,2.28389,0.72996
Astrocyte,Pax6,2.14425,0.264951
Endothelial,Pvalb,2.12493,0.374228
Lamp5,Pvalb,2.05158,0.28241
VLMC,Vip,2.0457,0.292031
Sncg,VLMC,2.04349,0.269191
Chandelier,Vip,1.98026,0.219907
Sst,Vip,1.97776,0.214109
Endothelial,Sncg,1.88043,0.249886
Lamp5,Microglia-PVM,1.8803,0.386645
L5/6 NP,Pvalb,1.87841,0.251927
Pax6,Vip,1.86221,0.224311
Microglia-PVM,Pax6,1.8218,0.2442
L6 IT Car3,Sst,1.71785,0.299919
Lamp5 Lhx6,Pvalb,1.707,0.231651
Chandelier,Pvalb,1.673,0.260701
Lamp5 Lhx6,Vip,1.6703,0.230863
Astrocyte,Pvalb,1.63393,0.314964
Endothelial,Lamp5,1.6164,0.229739
Lamp5,VLMC,1.57043,0.229865
Lamp5,Lamp5 Lhx6,1.5337,0.307863
L6 IT,Lamp5 Lhx6,1.48118,0.281237
L6 IT Car3,Lamp5 Lhx6,1.424,0.22072
L5 ET,Sst,1.24949,0.223746
L5/6 NP,L6 IT,1.11828,0.352291
Lamp5 Lhx6,Sst,1.11695,0.179741
OPC,Sncg,1.00023,0.195526
Pvalb,VLMC,0.991985,0.293435
Chandelier,Lamp5,0.937443,0.152633
Microglia-PVM,Vip,0.897409,0.238211
Chandelier,Lamp5 Lhx6,0.857964,0.148797
Pax6,VLMC,0.856344,0.176751
Astrocyte,L6 IT Car3,0.810292,0.35639
Chandelier,Sst,0.771647,0.166614
L5 ET,Pvalb,0.770129,0.265684
Astrocyte,Lamp5 Lhx6,0.767966,0.217744
Endothelial,Sst,0.743269,0.284813
Lamp5,Sst Chodl,0.72965,0.275241
Sst,Sst Chodl,0.716972,0.408139
Astrocyte,Endothelial,0.701399,0.358381
Chandelier,L5 IT,0.687928,0.265438
Chandelier,Endothelial,0.671257,0.159906
L5 IT,Lamp5 Lhx6,0.653092,0.345461
Endothelial,Pax6,0.642087,0.173428
L6 IT Car3,Pvalb,0.606744,0.249132
L2/3 IT,Sst Chodl,0.603273,0.462495
L5 ET,Lamp5 Lhx6,0.589535,0.207934
L4 IT,Lamp5 Lhx6,0.561313,0.370259
Lamp5,Sst,0.556617,0.20454
L6b,OPC,0.489514,0.284845
Microglia-PVM,OPC,0.450383,0.296873
OPC,Pax6,0.433844,0.165678
Lamp5 Lhx6,Sst Chodl,0.419354,0.184956
L6 CT,OPC,0.417149,0.242759
L6 IT,Sst,0.408818,0.445465
L5/6 NP,Lamp5 Lhx6,0.387646,0.163235
Sst Chodl,Vip,0.382292,0.174062
Chandelier,VLMC,0.377943,0.170427
L5 ET,L6 IT Car3,0.350048,0.239285
L6 IT Car3,Sst Chodl,0.349601,0.477787
L5/6 NP,L6b,0.346329,0.230956
Chandelier,Sncg,0.331436,0.255917
Pax6,Sst Chodl,0.317249,0.165124
L6 CT,Sst Chodl,0.304061,0.219107
Chandelier,Pax6,0.239098,0.185723
L6b,Sst Chodl,0.225727,0.209302
Pvalb,Sst Chodl,0.19324,0.169065
Microglia-PVM,Sst Chodl,0.187069,0.212778
Astrocyte,L6 IT,0.17412,0.506033
Astrocyte,Chandelier,0.147628,0.183162
L5 ET,L6 IT,0.146421,0.348193
L6b,Lamp5 Lhx6,0.141929,0.219377
Lamp5 Lhx6,Pax6,0.124786,0.133115
Astrocyte,Sst,0.122942,0.297485
Endothelial,Lamp5 Lhx6,0.105468,0.213153
Astrocyte,L5/6 NP,0.0956894,0.267086
Chandelier,Sst Chodl,0.0915797,0.158247
Sst,VLMC,0.0718341,0.256113
Endothelial,L5/6 NP,0.0131835,0.25396
L5/6 NP,L6 CT,-0.00318895,0.236591
L5 ET,Lamp5,-0.00881351,0.266887
Astrocyte,Sst Chodl,-0.0139106,0.288493
L6 CT,Lamp5 Lhx6,-0.0291664,0.220813
Lamp5 Lhx6,Sncg,-0.0442864,0.194614
L6 IT,OPC,-0.0701541,0.360066
OPC,Vip,-0.0733134,0.257077
L5/6 NP,OPC,-0.0917847,0.184536
L5 ET,Sst Chodl,-0.128311,0.178631
Lamp5 Lhx6,VLMC,-0.175545,0.212867
OPC,Sst Chodl,-0.182484,0.173085
Pax6,Pvalb,-0.202949,0.188387
L6 IT,Sst Chodl,-0.263513,0.237038
Lamp5 Lhx6,OPC,-0.282509,0.170694
Lamp5,OPC,-0.300131,0.197889
Pax6,Sst,-0.318728,0.140921
Sncg,Sst Chodl,-0.321613,0.18021
OPC,VLMC,-0.329009,0.248987
Chandelier,L5 ET,-0.370462,0.148159
Lamp5 Lhx6,Microglia-PVM,-0.37759,0.19927
Endothelial,OPC,-0.391818,0.243448
L5/6 NP,Sst Chodl,-0.403873,0.135383
Chandelier,OPC,-0.41297,0.136788
OPC,Sst,-0.423632,0.172145
Astrocyte,VLMC,-0.43155,0.425317
Endothelial,L5 ET,-0.441931,0.200513
OPC,Oligodendrocyte,-0.452156,0.9353
Endothelial,L4 IT,-0.486344,0.644912
Sst Chodl,VLMC,-0.487025,0.202833
Chandelier,L6 IT,-0.48815,0.231969
Endothelial,Sst Chodl,-0.491961,0.221572
L5/6 NP,Pax6,-0.551283,0.162643
Chandelier,L6 IT Car3,-0.56229,0.166884
L5 ET,Pax6,-0.594164,0.11953
L5 ET,VLMC,-0.606016,0.215875
Chandelier,L5/6 NP,-0.614387,0.141871
Endothelial,L6 IT Car3,-0.632889,0.35644
Astrocyte,OPC,-0.641848,0.415079
Sncg,Sst,-0.666698,0.222453
OPC,Pvalb,-0.674057,0.213004
L5/6 NP,VLMC,-0.768245,0.221348
Chandelier,Microglia-PVM,-0.886646,0.167172
L6 IT Car3,OPC,-0.995959,0.256644
L5/6 NP,Lamp5,-1.00651,0.220705
L5 IT,Lamp5,-1.03955,0.578257
Chandelier,L6 CT,-1.0424,0.139451
L6 IT Car3,VLMC,-1.05794,0.308602
Pvalb,Sncg,-1.07119,0.264328
L6b,Sst,-1.07524,0.288307
Astrocyte,L5 ET,-1.09731,0.241241
L5 ET,Sncg,-1.10337,0.14785
Chandelier,L6b,-1.11926,0.151952
L2/3 IT,OPC,-1.13027,0.60451
L5 ET,OPC,-1.13747,0.213341
L6 IT Car3,Pax6,-1.13798,0.161391
Astrocyte,L6b,-1.15872,0.382637
L5 ET,L6b,-1.16441,0.167719
L5 IT,L6 IT,-1.17575,0.651994
L6 IT Car3,Lamp5,-1.20673,0.24535
L6 CT,Pax6,-1.20797,0.139382
L6b,Pax6,-1.3393,0.170699
Astrocyte,L6 CT,-1.35064,0.382541
L5 ET,L6 CT,-1.3886,0.165209
L6 CT,Microglia-PVM,-1.39679,0.321301
Endothelial,L5 IT,-1.42825,0.570922
L5 ET,Vip,-1.53633,0.227307
L5/6 NP,Sncg,-1.57888,0.203077
Microglia-PVM,Pvalb,-1.59609,0.315944
L6 CT,Sst,-1.63458,0.212678
Oligodendrocyte,Sst Chodl,-1.73641,0.540429
Microglia-PVM,Sst,-1.74559,0.25927
L5 IT,Sst Chodl,-1.76499,0.253605
L4 IT,Sst Chodl,-1.83495,0.287296
L4 IT,Vip,-1.86302,0.574235
L4 IT,VLMC,-1.89756,0.537471
L5/6 NP,Microglia-PVM,-1.90128,0.262337
L6 IT,Pax6,-2.10129,0.181976
L6 IT Car3,Sncg,-2.14605,0.221615
L5 ET,Microglia-PVM,-2.29572,0.225917
L6b,Lamp5,-2.41732,0.247881
L5 IT,Pax6,-2.43956,0.283915
L6 CT,Sncg,-2.43979,0.166048
L6b,Microglia-PVM,-2.44208,0.320584
L5 IT,VLMC,-2.45491,0.528994
L5/6 NP,Vip,-2.52241,0.221422
L4 IT,L5/6 NP,-2.57181,0.35718
L6 CT,Lamp5,-2.57363,0.227343
L6b,Sncg,-2.79455,0.203841
Endothelial,L6 IT,-2.81302,0.432012
L4 IT,Pax6,-2.81337,0.252861
L6 IT Car3,Microglia-PVM,-2.90162,0.35614
L6 CT,VLMC,-3.16154,0.256833
Endothelial,L6 CT,-3.259,0.279168
L6 IT,VLMC,-3.43268,0.379825
L6 IT Car3,Vip,-3.45825,0.243622
L6b,Pvalb,-3.45894,0.229405
Astrocyte,L5 IT,-3.4597,0.682652
L6 IT,Lamp5,-3.49408,0.367112
Endothelial,L6b,-3.49497,0.299369
L6 CT,Pvalb,-3.53725,0.215383
L5 IT,OPC,-3.60653,0.464433
L6b,VLMC,-3.62949,0.30937
L6 IT,Pvalb,-3.78872,0.275709
L6 IT,Sncg,-3.79703,0.24476
L4 IT,Sncg,-4.18029,0.456553
L6 IT,Microglia-PVM,-4.36339,0.505952
L5 IT,Sncg,-4.61052,0.387451
L5 IT,L6b,-4.68586,0.456558
Oligodendrocyte,Pax6,-4.83186,0.43756
L6 CT,Vip,-4.97308,0.275031
L6b,Vip,-5.31039,0.289318
Astrocyte,L4 IT,-5.32401,0.659393
L2/3 IT,L5 ET,-5.67911,0.458422
L4 IT,L6 IT Car3,-5.72702,0.409701
L5 IT,L6 CT,-5.85019,0.407187
L5 IT,Vip,-6.27762,0.577378
L4 IT,OPC,-6.30361,0.48753
L6 IT,Vip,-6.87587,0.353746
Chandelier,Oligodendrocyte,-6.88343,0.473199
Microglia-PVM,Oligodendrocyte,-7.33658,1.63225
L5 IT,Microglia-PVM,-7.42597,0.707103
L5/6 NP,Oligodendrocyte,-8.22736,0.826075
L5 ET,Oligodendrocyte,-8.32657,0.766347
Lamp5 Lhx6,Oligodendrocyte,-8.4002,0.764738
L2/3 IT,L6 IT Car3,-9.7003,0.557417
L2/3 IT,L5/6 NP,-9.95599,0.623516
Oligodendrocyte,Sncg,-10.2014,0.655819
L4 IT,L6 CT,-10.4444,0.432751
L4 IT,Microglia-PVM,-10.5891,0.695371
L4 IT,L6b,-10.9921,0.446103
L6 IT,Oligodendrocyte,-11.5591,1.99692
Lamp5,Oligodendrocyte,-11.8243,0.736053
Oligodendrocyte,Sst,-12.7755,0.883479
L2/3 IT,L6 CT,-13.7285,0.707734
L4 IT,L6 IT,-13.8009,0.61574
L2/3 IT,L6b,-14.9218,0.812956
L6 IT Car3,Oligodendrocyte,-15.8466,1.59377
L2/3 IT,L4 IT,-16.3234,1.32902
Astrocyte,Oligodendrocyte,-16.6846,2.15252
Oligodendrocyte,VLMC,-17.9177,1.29713
Oligodendrocyte,Pvalb,-18.1342,1.20417
L2/3 IT,L6 IT,-18.6873,0.904797
Endothelial,Oligodendrocyte,-18.8266,1.46844
Oligodendrocyte,Vip,-19.7235,1.12067
L2/3 IT,L5 IT,-27.1923,1.79842
L5 IT,Oligodendrocyte,-28.6255,2.10073
L4 IT,Oligodendrocyte,-35.6231,2.38391
L2/3 IT,Oligodendrocyte,-55.3246,3.43501
